{
  "meta": {
    "mode": "DRY-RUN",
    "specVersion": "1.0.0",
    "organizer": "Tango Society of Boston",
    "orgId": "6806691b2f926881302124e1",
    "timestamp": "2026-04-19T05:33:18.359Z",
    "threshold": 0.25,
    "minGroup": 3,
    "packageImport": true
  },
  "counts": {
    "eventsScanned": 369,
    "groupsDetected": 9,
    "matchedGroupsPackage": 2,
    "reviewGroupsPackage": 7,
    "convert": 2,
    "convertPartial": 0,
    "reviewRemaining": 7,
    "noOp": 0,
    "eventsToConvert": 122,
    "outlierSingletons": 0,
    "eventsInReview": 224,
    "eventsNoOp": 0
  },
  "proposals": [
    {
      "title": "Milonga TRANOCHANDO Hosted by Guillermo Merlo",
      "count": 14,
      "action": "REVIEW",
      "reviewReason": "gap_cv_1.66_high",
      "gapCv": 1.6553431285725224,
      "coreCount": 0,
      "outlierCount": 14,
      "eventIds": [
        "6840937cc67e60113130a0f9",
        "684651c5df99a7ff192e3f27",
        "68532f30a1e3cfb6f8bb9aee",
        "68532f6ca1e3cfb6f8bb9d3a",
        "68532fa1a1e3cfb6f8bb9ede",
        "68532fdda1e3cfb6f8bba0dc",
        "6853302ba1e3cfb6f8bba267",
        "68533072a1e3cfb6f8bba44c",
        "685330a4a1e3cfb6f8bba5d2",
        "685330daa1e3cfb6f8bba75d",
        "6853311ea1e3cfb6f8bba938",
        "68533184a1e3cfb6f8bbac44",
        "685331b5a1e3cfb6f8bbadca",
        "685331f9a1e3cfb6f8bbafa5"
      ],
      "spanDays": 826
    },
    {
      "title": "“PRACTILONGA CAMINITO” –the true Practica in Boston! Every Sunday Class & Practice",
      "count": 60,
      "action": "REVIEW",
      "reviewReason": "gap_cv_3.78_high",
      "gapCv": 3.775276808193673,
      "coreCount": 0,
      "outlierCount": 60,
      "eventIds": [
        "68409386c67e60113130a130",
        "684651cbdf99a7ff192e3f68",
        "684651d9df99a7ff192e3fef",
        "684651e9df99a7ff192e408f",
        "684651f8df99a7ff192e412f",
        "68532f26a1e3cfb6f8bb9a94",
        "68532f35a1e3cfb6f8bb9b1b",
        "68532f44a1e3cfb6f8bb9bb6",
        "68532f53a1e3cfb6f8bb9c5b",
        "68532f62a1e3cfb6f8bb9cfc",
        "68532f7fa1e3cfb6f8bb9dc6",
        "68532f8ca1e3cfb6f8bb9e34",
        "68532f99a1e3cfb6f8bb9ea2",
        "68532fa6a1e3cfb6f8bb9f0b",
        "68532fb2a1e3cfb6f8bb9f6f",
        "68532fbea1e3cfb6f8bb9fd8",
        "68532fcaa1e3cfb6f8bba04b",
        "68532fd5a1e3cfb6f8bba0a5",
        "68532fe2a1e3cfb6f8bba104",
        "68532feea1e3cfb6f8bba163",
        "68532ffaa1e3cfb6f8bba1c7",
        "68533021a1e3cfb6f8bba230",
        "68533030a1e3cfb6f8bba28f",
        "6853303ea1e3cfb6f8bba2ee",
        "68533051a1e3cfb6f8bba352",
        "6853305ea1e3cfb6f8bba3bb",
        "6853306aa1e3cfb6f8bba415",
        "68533076a1e3cfb6f8bba474",
        "68533083a1e3cfb6f8bba4d8",
        "6853308fa1e3cfb6f8bba53c",
        "6853309ca1e3cfb6f8bba59b",
        "685330a9a1e3cfb6f8bba5fa",
        "685330b5a1e3cfb6f8bba659",
        "685330c4a1e3cfb6f8bba6bd",
        "685330d2a1e3cfb6f8bba726",
        "685330dfa1e3cfb6f8bba780",
        "685330efa1e3cfb6f8bba7df",
        "685330fda1e3cfb6f8bba843",
        "6853310aa1e3cfb6f8bba8ac",
        "68533117a1e3cfb6f8bba901",
        "68533122a1e3cfb6f8bba95b",
        "6853312ea1e3cfb6f8bba9ba",
        "6853313ba1e3cfb6f8bbaa1e",
        "68533148a1e3cfb6f8bbaa87",
        "68533161a1e3cfb6f8bbab40",
        "6853316ea1e3cfb6f8bbaba4",
        "6853317ca1e3cfb6f8bbac0d",
        "68533188a1e3cfb6f8bbac67",
        "68533196a1e3cfb6f8bbacc6",
        "685331a1a1e3cfb6f8bbad2a",
        "685331aea1e3cfb6f8bbad93",
        "685331b9a1e3cfb6f8bbaded",
        "685331c6a1e3cfb6f8bbae4c",
        "685331d3a1e3cfb6f8bbaeb0",
        "685331e1a1e3cfb6f8bbaf19",
        "685331efa1e3cfb6f8bbaf6e",
        "685331fda1e3cfb6f8bbafc8",
        "68533209a1e3cfb6f8bbb027",
        "68533215a1e3cfb6f8bbb08b",
        "68533222a1e3cfb6f8bbb0f4"
      ],
      "spanDays": 847
    },
    {
      "title": "— TUESDAYS — NOCHE DE PRÁCTICA Guided Tango Practica",
      "count": 50,
      "action": "REVIEW",
      "reviewReason": "mixed_times_of_day_23.5h",
      "gapCv": 1.0469532516359608,
      "coreCount": 0,
      "outlierCount": 50,
      "eventIds": [
        "684651cfdf99a7ff192e3f8b",
        "684651dddf99a7ff192e400d",
        "684651ecdf99a7ff192e40a8",
        "684651fbdf99a7ff192e4143",
        "68532f29a1e3cfb6f8bb9aa8",
        "68532f38a1e3cfb6f8bb9b2f",
        "68532f47a1e3cfb6f8bb9bcf",
        "68532f56a1e3cfb6f8bb9c74",
        "68532f66a1e3cfb6f8bb9d17",
        "68532f76a1e3cfb6f8bb9d7b",
        "68532f82a1e3cfb6f8bb9ddf",
        "68532f8fa1e3cfb6f8bb9e4d",
        "68532f9ca1e3cfb6f8bb9ebb",
        "68532fa9a1e3cfb6f8bb9f24",
        "68532fb5a1e3cfb6f8bb9f88",
        "68532fc1a1e3cfb6f8bb9ff1",
        "68532fcda1e3cfb6f8bba064",
        "68532fd8a1e3cfb6f8bba0b9",
        "68532fe5a1e3cfb6f8bba118",
        "68532ff1a1e3cfb6f8bba177",
        "68532ffca1e3cfb6f8bba1db",
        "68533025a1e3cfb6f8bba244",
        "68533034a1e3cfb6f8bba2a3",
        "68533043a1e3cfb6f8bba302",
        "68533054a1e3cfb6f8bba366",
        "6853306da1e3cfb6f8bba429",
        "68533079a1e3cfb6f8bba488",
        "68533085a1e3cfb6f8bba4ec",
        "68533092a1e3cfb6f8bba550",
        "6853309fa1e3cfb6f8bba5af",
        "685330aca1e3cfb6f8bba60e",
        "685330b9a1e3cfb6f8bba66d",
        "685330c7a1e3cfb6f8bba6d1",
        "685330d5a1e3cfb6f8bba73a",
        "685330e3a1e3cfb6f8bba794",
        "685330f2a1e3cfb6f8bba7f3",
        "68533100a1e3cfb6f8bba857",
        "68533119a1e3cfb6f8bba915",
        "68533125a1e3cfb6f8bba96f",
        "685331a4a1e3cfb6f8bbad3e",
        "685331b1a1e3cfb6f8bbada7",
        "685331bca1e3cfb6f8bbae01",
        "685331c9a1e3cfb6f8bbae60",
        "685331d6a1e3cfb6f8bbaec4",
        "685331e5a1e3cfb6f8bbaf2d",
        "685331f4a1e3cfb6f8bbaf82",
        "68533200a1e3cfb6f8bbafdc",
        "6853320ca1e3cfb6f8bbb03b",
        "68533218a1e3cfb6f8bbb09f",
        "68533225a1e3cfb6f8bbb108"
      ],
      "spanDays": 420
    },
    {
      "title": "Wednesday Tango Break– 7pm Beginner Tango Classes",
      "count": 61,
      "action": "REVIEW",
      "reviewReason": "mixed_times_of_day_23.0h",
      "gapCv": 0,
      "coreCount": 0,
      "outlierCount": 61,